<?xml version="1.0" encoding="UTF-8" standalone="yes"?>
<addon id="repository.freezer" name="Freezer Repo" version="1.0" provider-name="drxipz">
    <extension point="xbmc.addon.repository" name="Freezer Repo">
        <dir>
            <info compressed="false">https://raw.githubusercontent.com/drxipz/repository.freezer/master/repo/zips/addons.xml</info>
            <checksum>https://raw.githubusercontent.com/drxipz/repository.freezer/master/repo/zips/addons.xml.md5</checksum>
            <datadir zip="true">https://raw.githubusercontent.com/drxipz/repository.freezer/master/repo/zips/</datadir>
        </dir>
    </extension>
    <extension point="xbmc.addon.metadata">
        <summary>Freezer Repo</summary>
        <description>First Repo</description>
        <disclaimer></disclaimer>
        <platform>all</platform>
        <assets>
            <icon>icon.png</icon>
            <fanart>fanart.jpg</fanart>
        </assets>
    </extension>
</addon>